model,rmse,mae,directional_accuracy
LSTM,0.011745550940563771,0.010157904219312112,0.4146341463414634
XGBoost,0.00810222199194845,0.006102090578972629,0.6585365853658537
TDA-LSTM,0.010505583274287331,0.00822607908482883,0.4864864864864865
Robust Density-Filtered TDA-LSTM,0.010505583274287331,0.00822607908482883,0.4864864864864865
