model,rmse,mae,directional_accuracy
LSTM,0.015928957527151236,0.01273386768884114,0.4611727416798732
XGBoost,0.009581181597813985,0.007134280637057499,0.6451612903225806
TDA-LSTM,0.020855235092443584,0.013669013908175766,0.5010787486515642
Robust Density-Filtered TDA-LSTM,0.029408457906902025,0.019780770661349745,0.48705501618122976
