model,rmse,mae,directional_accuracy,setting
LSTM,0.018430327847331167,0.01512371594421346,0.5016181229773463,1D target only
LSTM,0.019182031203331097,0.015848251576062167,0.4773462783171521,Joint multivariate
