model,rmse,mae,directional_accuracy,phase
TDA-LSTM,0.010505583274287331,0.00822607908482883,0.4864864864864865,A_clean_no_filter
Robust Density-Filtered TDA-LSTM,0.010505583274287331,0.00822607908482883,0.4864864864864865,B_clean_density_filter
LSTM,0.03348657124428957,0.030209062102608996,0.40540540540540543,C_noisy_no_filter
LSTM,0.03348657124428957,0.030209062102608996,0.40540540540540543,C_noisy_density_filter
