model,rmse,mae,directional_accuracy,setting
LSTM,0.030492826294428947,0.02572902612690522,0.44594594594594594,1D target only
LSTM,0.010505583274287331,0.00822607908482883,0.4864864864864865,Joint multivariate
