feature,mean_abs_shap
lag_mean_5,0.0025608677
H1_entropy,0.0022448315
lag_mean_20,0.0015853476
lag_std_5,0.0012831901
H1_npoints,0.00096511113
H2_npoints,0.0008092074
H0_amplitude,0.00079600245
H0_entropy,0.00073455326
H2_amplitude,0.00055836275
PI_H1_max,0.00046821483
H1_amplitude,0.00041714218
H2_entropy,0.00036785982
PI_H1_sum,0.00014584007
H0_npoints,0.0
density_mean,0.0
density_kept_ratio,0.0
