{
  "LSTM_lag_only": {
    "train_mse": [
      0.002437874830017487,
      0.0012236484132396679,
      0.0012124301283620298,
      0.0011891030687062691,
      0.0008224138922135656
    ],
    "val_mse": [
      0.00027564092306420207,
      0.00010896973253693432,
      4.268865814083256e-05,
      7.413738057948649e-05,
      0.00013884554209653288
    ]
  },
  "TDA-LSTM": {
    "train_mse": [
      0.034115221723914145,
      0.019846170023083688,
      0.010439026169478893,
      0.005352409882470965,
      0.0028991129714995624
    ],
    "val_mse": [
      0.02993180602788925,
      0.02001609094440937,
      0.011622064746916294,
      0.005761368665844202,
      0.0026972247287631035
    ]
  },
  "Robust_TDA-LSTM": {
    "train_mse": [
      0.034115221723914145,
      0.019846170023083688,
      0.010439026169478893,
      0.005352409882470965,
      0.0028991129714995624
    ],
    "val_mse": [
      0.02993180602788925,
      0.02001609094440937,
      0.011622064746916294,
      0.005761368665844202,
      0.0026972247287631035
    ]
  }
}